Year,Quarter,Sector,GDP_Lakh_Crore,Growth_%,Employment_Million,Exports_Crore,Imports_Crore,FDI_Crore,Inflation_%,CPI,IIP,Tax_Revenue_Crore
2015,Q1,Agriculture,29.72,3.94,52.1,107539,126895,27477,4.71,163,95,123957
2015,Q1,Manufacturing,37.35,9.86,7.7,47744,90509,2292,4.81,121,88,184005
2015,Q1,Construction,64.71,6.01,42.4,58226,121494,26803,6.88,114,115,198671
2015,Q1,Mining,30.02,9.53,21.4,56195,66624,15163,4.69,158,100,91599
2015,Q1,Electricity,50.47,9.75,219.5,96330,98575,20985,6.71,130,131,266982
2015,Q1,IT Services,27.44,-0.19,68.2,109775,54457,10346,7.75,157,118,243589
2015,Q1,Financial Services,49.67,3.88,74.6,38832,68883,9292,5.42,177,120,12270
2015,Q1,Retail,79.11,6.57,156.6,52179,77396,29564,3.47,167,99,190445
2015,Q1,Healthcare,34.73,6.11,88.4,149852,88444,8727,5.76,131,110,161185
2015,Q1,Education,60.8,-1.76,71.9,149585,104694,13149,2.61,112,101,230765
2015,Q1,Transport,70.83,-0.06,9.6,132161,68591,7874,5.38,171,118,130071
2015,Q1,Tourism,57.67,5.72,36.2,30001,102336,1280,6.95,166,133,25094
2015,Q1,Real Estate,72.86,-0.45,15.8,147245,36338,10579,4.15,115,139,190988
2015,Q1,Communication,45.01,-1.64,93.6,130066,82252,13693,6.04,105,144,167092
2015,Q1,Public Administration,50.01,4.42,184.9,100828,110238,10882,2.2,145,130,299887
2015,Q2,Agriculture,11.62,0.26,180.9,120359,94010,5506,3.05,180,112,30535
2015,Q2,Manufacturing,11.76,-0.7,54.1,71041,30805,4087,4.85,159,139,261267
2015,Q2,Construction,62.96,5.31,149.1,87417,70126,28008,5.22,139,136,258670
2015,Q2,Mining,12.71,6.6,132.2,36610,117342,5400,6.49,135,110,188147
2015,Q2,Electricity,64.94,6.51,100.5,107510,76009,7661,6.32,107,120,138821
2015,Q2,IT Services,50,2.51,145.5,116722,138305,21873,7.77,104,106,163687
2015,Q2,Financial Services,68.62,-1.83,35.3,148729,26812,5175,6.51,166,89,283248
2015,Q2,Retail,60.98,3.45,29.4,33824,72108,2249,2.54,121,124,147785
2015,Q2,Healthcare,29.45,3.4,7.8,90266,10683,12341,5.93,155,108,72060
2015,Q2,Education,73.54,5.73,58.6,70167,138090,1811,5.57,174,94,71184
2015,Q2,Transport,13.64,8.87,119,70716,10243,13192,2.02,145,96,287238
2015,Q2,Tourism,53.05,1.47,44.6,136892,63557,20660,4.73,176,130,250421
2015,Q2,Real Estate,60.58,-0.4,44.7,57681,71488,6107,7.52,140,138,145739
2015,Q2,Communication,44.51,3.58,126.8,42723,9477,15935,5.72,170,86,19294
2015,Q2,Public Administration,78,2.6,105.3,90548,40802,7067,7,100,111,89128
2015,Q3,Agriculture,76.02,-1.96,93.1,66357,88103,28182,6.36,169,118,218564
2015,Q3,Manufacturing,77.09,8.02,138.2,114546,23289,7301,7.79,143,137,26360
2015,Q3,Construction,63.97,9.72,183.1,14512,29574,11920,7.48,112,103,101486
2015,Q3,Mining,47.59,5.42,100,125980,88540,16227,6.97,145,119,93820
2015,Q3,Electricity,73.62,4.26,91,147377,91226,1406,4.6,104,138,246025
2015,Q3,IT Services,31.59,2.47,151.8,63834,74703,5228,4.57,165,94,101617
2015,Q3,Financial Services,14.77,-0.89,153.5,133400,48137,29074,6.2,143,121,88300
2015,Q3,Retail,52.87,-0.63,146.5,33768,107611,16895,4.99,151,101,269173
2015,Q3,Healthcare,55.64,-1.14,37.2,35082,21364,17004,3.29,108,111,33984
2015,Q3,Education,55.1,5.27,86.7,22855,19767,10185,5.64,173,122,153588
2015,Q3,Transport,29.64,1.41,56.8,64082,14872,17067,2.17,114,140,93624
2015,Q3,Tourism,51.36,0.02,93.1,149048,38990,18797,5.48,109,138,73896
2015,Q3,Real Estate,62.62,-1.81,188.3,101167,34476,19678,6.9,163,109,209899
2015,Q3,Communication,49.69,4.51,53.3,25260,70919,26237,6.76,117,143,155756
2015,Q3,Public Administration,27.33,6.51,170.8,59487,110107,8191,4.04,161,128,112766
2015,Q4,Agriculture,10.06,4.04,198.1,61077,42928,1369,7.31,170,91,19196
2015,Q4,Manufacturing,41.96,9.01,27.4,137513,89656,16764,5.17,157,87,129507
2015,Q4,Construction,42.98,3.3,164.4,91346,102862,2545,3.67,164,139,265323
2015,Q4,Mining,62.25,1.13,151.9,47007,61701,15482,3.76,138,137,55914
2015,Q4,Electricity,76.05,8.1,96.7,54531,62980,25252,4.69,122,113,149989
2015,Q4,IT Services,39.15,9.25,137.5,18849,23381,773,7.05,113,113,51925
2015,Q4,Financial Services,30.9,4.07,188.8,119180,12652,29406,3.67,147,128,230054
2015,Q4,Retail,12.72,0.16,78.4,104275,56310,17287,3.88,146,111,162238
2015,Q4,Healthcare,22.13,3.48,117,29440,101238,21436,4.06,154,139,81819
2015,Q4,Education,13.53,8.09,23.5,90580,48838,27114,7.65,131,140,297971
2015,Q4,Transport,78.23,3.87,98.2,26465,81026,15499,5.54,157,126,22874
2015,Q4,Tourism,27.96,7.68,197.8,124881,49927,11873,4.33,136,88,165926
2015,Q4,Real Estate,62.38,6.27,89.7,109707,62320,8290,3.59,109,137,267604
2015,Q4,Communication,23.1,-0.86,108.8,79144,15683,4765,5.3,174,126,42143
2015,Q4,Public Administration,70.07,6.53,10.5,78035,91338,29099,4.13,171,145,135045
2016,Q1,Agriculture,21.98,0.99,48.6,91104,139716,16915,3.07,113,138,260086
2016,Q1,Manufacturing,25.53,-1.86,40.5,90886,116474,26805,4.34,162,109,82178
2016,Q1,Construction,71.39,2.89,137.4,51540,75414,3095,7.72,177,113,243840
2016,Q1,Mining,48.03,-0.58,139.2,129121,132292,19250,6.14,170,91,131497
2016,Q1,Electricity,14.74,4.71,196.4,35472,40850,24618,7.04,110,128,117053
2016,Q1,IT Services,66.71,3.33,140.4,129070,39816,16634,6.34,103,124,257331
2016,Q1,Financial Services,28.64,5.13,35.1,32385,114507,14222,4.09,155,129,93284
2016,Q1,Retail,33.56,-1,13.5,118892,94034,28726,7.24,173,105,41013
2016,Q1,Healthcare,66.78,3.11,44.3,94118,122446,10834,3.52,170,110,198519
2016,Q1,Education,71.39,9.34,33.3,69039,72451,5978,4.07,127,100,155284
2016,Q1,Transport,33.28,4.25,64.3,141549,83065,1439,5.63,158,111,177602
2016,Q1,Tourism,68.89,8.09,40.3,64569,9967,10337,6.38,175,144,18344
2016,Q1,Real Estate,15.8,1.83,207.5,64561,110474,25648,5.14,125,124,193907
2016,Q1,Communication,47.93,4.91,68,137463,40754,19406,4.7,136,89,75148
2016,Q1,Public Administration,19.66,-0.8,147.9,61095,105259,9024,3.27,132,132,201528
2016,Q2,Agriculture,43.45,3.43,8.7,130624,48425,4838,5.81,121,112,60642
2016,Q2,Manufacturing,55.54,4.08,118,149781,45165,4616,7.68,138,111,224660
2016,Q2,Construction,22.55,2.39,51,142584,72952,27447,4.34,149,96,165625
2016,Q2,Mining,72.93,4.8,167.3,124458,45975,7008,5.51,131,97,258046
2016,Q2,Electricity,74.68,7.93,27.6,115811,134722,7602,6.14,130,92,93109
2016,Q2,IT Services,45.19,5.62,112.4,134076,100909,25956,7.9,121,127,17815
2016,Q2,Financial Services,18.89,5.39,85.6,113365,52367,4598,4.64,135,144,253088
2016,Q2,Retail,39.7,1.82,134.7,95384,8307,12427,4.2,168,87,284680
2016,Q2,Healthcare,63.69,4.95,24,81067,76010,17179,4.14,139,96,42711
2016,Q2,Education,77.08,8.71,142.4,144624,13175,16808,6.48,152,110,170478
2016,Q2,Transport,28.69,3.33,54.3,120362,10078,6306,6.27,114,136,136549
2016,Q2,Tourism,57.21,1.22,80.7,91928,115539,27009,4.06,170,137,146667
2016,Q2,Real Estate,57.43,7.06,44,122111,80127,22526,3.4,149,105,272615
2016,Q2,Communication,73.73,8.97,16,30929,78257,21808,6.59,125,104,110348
2016,Q2,Public Administration,43.79,5.91,195,113677,23035,26051,6.97,158,129,39981
2016,Q3,Agriculture,20.21,1.71,200.4,88439,33184,21214,4.88,133,94,238253
2016,Q3,Manufacturing,47.46,3.27,127.8,106123,90589,4822,3.04,144,126,178338
2016,Q3,Construction,41.87,7.9,202.4,87397,62231,8181,3.2,150,142,190503
2016,Q3,Mining,18.35,5.1,158.2,120399,54720,19889,5.98,146,114,64129
2016,Q3,Electricity,22.8,-0.81,23.5,66440,99100,9219,6.46,152,101,10550
2016,Q3,IT Services,53.42,8.73,129.5,55015,96191,22836,3.11,127,99,224066
2016,Q3,Financial Services,19.69,6.3,28.9,92913,18335,15264,3.23,141,143,285734
2016,Q3,Retail,16.47,5.15,27.5,42105,68797,28365,5.32,153,116,38381
2016,Q3,Healthcare,59.32,6.48,51.3,101694,110920,28790,6.73,122,116,242001
2016,Q3,Education,70.19,2.68,209.6,39095,114571,10124,3.58,177,141,245092
2016,Q3,Transport,17.38,2.01,94.2,36104,69351,2577,2.18,138,145,150204
2016,Q3,Tourism,38.8,5.44,78.7,24679,126924,29014,7.8,130,127,137148
2016,Q3,Real Estate,32.31,2.27,179.4,66381,37056,5505,5.4,166,108,135390
2016,Q3,Communication,11.94,9.5,190.7,34989,57172,10214,7.91,105,115,178171
2016,Q3,Public Administration,75.22,4.35,165.3,139673,94706,18942,2.14,153,140,107753
2016,Q4,Agriculture,44.04,4.85,103.7,144072,97358,24834,7.17,102,145,100616
2016,Q4,Manufacturing,18.17,-0.13,126.6,113257,72543,20649,3.67,141,91,249839
2016,Q4,Construction,35.43,8.33,113.6,141859,56005,24056,5.99,120,93,127825
2016,Q4,Mining,68.64,1.65,17.5,12614,101546,14099,6.61,137,117,181485
2016,Q4,Electricity,48.93,1.76,67.6,91452,68706,12342,5,166,98,71127
2016,Q4,IT Services,59.6,1.75,124.4,25603,88335,17812,3.17,122,123,246264
2016,Q4,Financial Services,27.69,3.8,31.4,88512,97874,29627,2.16,155,144,143559
2016,Q4,Retail,68.56,8.2,63,145901,13280,6694,4.17,177,90,122940
2016,Q4,Healthcare,77.61,6.56,136.9,148501,36678,16099,4.45,135,89,268285
2016,Q4,Education,45.91,6.43,116.9,91671,139566,11389,6.81,173,114,136358
2016,Q4,Transport,13.11,6.39,216.2,129961,41924,26819,6.17,135,100,54261
2016,Q4,Tourism,20.69,8.55,30.6,93663,116957,5387,5.19,126,143,264909
2016,Q4,Real Estate,26.64,4.27,62,145604,28218,8490,2.92,102,94,114255
2016,Q4,Communication,36.65,6.39,23.5,128312,58393,16105,7.07,151,90,272750
2016,Q4,Public Administration,49.21,6.66,107.4,108863,9384,13056,2.47,164,104,229431
2017,Q1,Agriculture,47.09,4.77,200.4,129306,130044,9062,3.37,134,86,35950
2017,Q1,Manufacturing,39.26,8.66,214.9,85197,128654,10660,7.1,105,129,89151
2017,Q1,Construction,39.95,5.4,27.7,143361,8311,22880,2.04,152,131,210510
2017,Q1,Mining,56.43,8.3,12.4,136462,123056,19119,3.04,139,129,207530
2017,Q1,Electricity,59.62,4.37,35.6,27780,90718,2069,5.13,104,108,113198
2017,Q1,IT Services,69.7,4.86,152.8,127316,62632,23558,6.98,154,137,234189
2017,Q1,Financial Services,58.23,5.73,10.6,124576,131032,16365,5.3,130,126,183231
2017,Q1,Retail,45.52,3.87,126.7,111591,136505,16701,2.15,126,87,96397
2017,Q1,Healthcare,19.12,6.94,194,70970,76584,19633,6.78,139,133,231983
2017,Q1,Education,15.37,7.07,204.4,72125,117136,17407,4,173,121,144323
2017,Q1,Transport,42.67,-0.19,67.8,139122,21134,3295,3.68,103,117,56207
2017,Q1,Tourism,20.03,5.4,13.8,38592,69413,25463,4.09,174,134,251392
2017,Q1,Real Estate,23.39,8.33,42.5,124287,115190,18654,6.2,124,144,276272
2017,Q1,Communication,55.39,4.48,71,146323,28026,10703,6.58,145,129,152019
2017,Q1,Public Administration,13.19,5.12,120,144604,14594,28963,2.21,150,106,105892
2017,Q2,Agriculture,67.14,1.38,216.3,100248,105612,9935,2.15,107,116,52371
2017,Q2,Manufacturing,79.55,8.74,216.8,13985,106861,9741,2.93,165,105,121234
2017,Q2,Construction,50.1,9.8,139.7,97383,23642,20363,3.71,113,112,79019
2017,Q2,Mining,43.96,9.71,86.6,56853,82658,29241,7.21,116,136,249530
2017,Q2,Electricity,54.26,-1.31,15.1,57186,63464,28117,7.48,149,112,219126
2017,Q2,IT Services,31.78,1.38,196.8,82907,97389,21817,2.3,132,101,284082
2017,Q2,Financial Services,30.78,4.43,197.5,114757,54577,7876,4.87,145,107,204802
2017,Q2,Retail,66.17,9.96,125.7,141237,66097,17856,7.11,180,122,43360
2017,Q2,Healthcare,26.5,2.37,45.6,144821,10618,21612,6.34,115,135,298329
2017,Q2,Education,73.64,-0.54,24.1,122418,113232,4944,5.09,139,98,162276
2017,Q2,Transport,37.12,3.98,68.4,53766,60368,17624,2.64,130,95,79720
2017,Q2,Tourism,45.06,-1.9,31.3,104730,103399,13837,3.19,121,120,218928
2017,Q2,Real Estate,49.09,9.92,55.8,133370,95586,16490,4.29,154,140,162935
2017,Q2,Communication,34.82,3.94,176.9,103749,81062,5342,2.04,108,85,104093
2017,Q2,Public Administration,73.34,7.25,166.7,99662,71529,4798,7.35,150,133,163541
2017,Q3,Agriculture,72.4,0.82,38.4,60437,122088,7935,5.73,170,106,45481
2017,Q3,Manufacturing,61.54,7.38,119.3,30734,104320,3817,6,167,104,34499
2017,Q3,Construction,23.45,1.04,142.9,130376,68878,10580,7.73,136,99,197420
2017,Q3,Mining,20.98,9.43,183,72498,41761,14093,2.02,149,123,115785
2017,Q3,Electricity,69.15,2.46,163.4,45299,78220,8518,7.11,134,115,21466
2017,Q3,IT Services,67.41,9.02,13.4,132882,124162,27071,3.42,169,137,280302
2017,Q3,Financial Services,48.59,0.83,115.3,80182,92066,10023,5.37,158,144,298110
2017,Q3,Retail,17.32,5.93,127.6,78741,110242,4949,4.64,156,135,112134
2017,Q3,Healthcare,72.22,9.48,39.4,61883,105388,13824,4.01,112,125,297503
2017,Q3,Education,50.61,-1.82,122,55392,36802,8544,3.43,150,138,66663
2017,Q3,Transport,66.93,8.94,28.1,35939,100236,13872,7.27,106,144,220241
2017,Q3,Tourism,72.22,-1.58,142.6,117665,114353,25398,3.66,132,125,271649
2017,Q3,Real Estate,23.89,1.91,144.7,78126,122691,7884,3.26,146,121,143752
2017,Q3,Communication,62.95,2.09,30.2,26321,135221,18232,4.97,144,91,219462
2017,Q3,Public Administration,24.77,0.5,75.6,37276,122975,549,4.12,131,85,245164
2017,Q4,Agriculture,28.26,5.39,69.8,108954,133743,18796,7.16,123,102,72816
2017,Q4,Manufacturing,65.62,6.66,139,121569,74397,20560,2.12,138,102,53684
2017,Q4,Construction,23.79,1.64,49.1,104769,55767,25220,4.31,102,112,107727
2017,Q4,Mining,78.09,3.83,67.8,105099,107054,8869,3.21,129,135,90779
2017,Q4,Electricity,39.66,8.02,39.2,111491,42090,25474,5.64,152,125,250344
2017,Q4,IT Services,37.03,4.28,26.1,14248,21386,14144,3.72,168,137,221663
2017,Q4,Financial Services,13.61,0.45,37.4,122283,63697,21283,3.54,152,128,15386
2017,Q4,Retail,28.96,-0.94,9.4,137064,25914,10645,2.87,107,94,94679
2017,Q4,Healthcare,54.97,2.13,164,84626,83495,2803,4.9,127,116,203116
2017,Q4,Education,64.6,-1.23,157.5,140897,71127,15662,7.75,174,142,110927
2017,Q4,Transport,78.84,1.2,214.6,144858,137000,28788,5.38,101,85,66603
2017,Q4,Tourism,13.15,6.9,62.5,99974,97069,22260,4.07,160,138,135960
2017,Q4,Real Estate,31.93,-0.72,187.3,68382,73164,18866,4.14,144,108,160793
2017,Q4,Communication,18.94,7.7,171.4,86911,114934,11548,2.1,171,116,151954
2017,Q4,Public Administration,67.24,8.77,102.3,83420,20209,20292,4.67,100,113,30658
2018,Q1,Agriculture,73.5,6.8,189.2,130837,67306,28835,6.6,144,124,28598
2018,Q1,Manufacturing,22.94,-1.07,155.2,118445,87859,19763,3.36,118,88,294639
2018,Q1,Construction,79.04,5.71,153.3,70141,45170,1093,4.2,158,111,263900
2018,Q1,Mining,76.83,9.82,149.4,100011,87448,18568,3.54,109,116,229148
2018,Q1,Electricity,32.08,5.55,15,91993,75494,17088,6.07,173,99,258073
2018,Q1,IT Services,77.29,0.7,210.8,43912,78439,14235,2.72,164,108,283909
2018,Q1,Financial Services,54.93,2,128.5,85087,44108,19027,7.11,132,92,84474
2018,Q1,Retail,77.91,4.54,22.2,84937,94000,11008,4.7,148,93,115569
2018,Q1,Healthcare,48.85,9.69,191,107479,107393,11292,2.88,149,106,107531
2018,Q1,Education,24.16,9.48,81.5,26752,94711,1796,5.94,160,126,132399
2018,Q1,Transport,56.71,1.79,135.4,121657,13056,21065,2.11,177,119,86446
2018,Q1,Tourism,67.2,5.09,28.1,85965,66474,11801,2.76,155,135,58939
2018,Q1,Real Estate,17.33,-0.78,31.8,148365,137399,25456,3.1,167,108,89031
2018,Q1,Communication,67.32,7.68,195.7,113304,29177,13939,4.56,161,96,226274
2018,Q1,Public Administration,35.85,5.7,39.3,93225,82771,14788,4.95,102,105,191824
2018,Q2,Agriculture,77.63,-0.45,50.4,140971,74640,6874,6.16,173,133,10018
2018,Q2,Manufacturing,29.82,1.42,172.8,34586,84327,29317,2.74,152,121,72273
2018,Q2,Construction,22.82,0.44,18.5,137611,120098,12102,5.49,130,125,207692
2018,Q2,Mining,25.85,3.66,179.9,37964,12381,1539,5.22,164,113,60089
2018,Q2,Electricity,49.97,2.67,189.2,44221,12200,15162,2.16,134,128,277516
2018,Q2,IT Services,20.38,0.96,12,23822,138846,5419,4.46,169,100,107335
2018,Q2,Financial Services,64.86,7.61,35.6,38441,112994,10873,2.59,175,138,181221
2018,Q2,Retail,23.9,-1.51,160.8,90479,93684,15106,3.17,144,137,298471
2018,Q2,Healthcare,59.36,9.19,79.5,62333,137649,23506,4.91,110,128,271960
2018,Q2,Education,23.71,7.51,7.8,48830,96136,11107,3.16,145,113,44370
2018,Q2,Transport,67.32,4.54,123.7,82974,119565,916,2.89,141,143,14773
2018,Q2,Tourism,72.59,0.72,142.8,39455,52898,16377,7.9,120,110,89413
2018,Q2,Real Estate,64.35,1.22,80.4,99807,73949,27430,5.34,149,127,208828
2018,Q2,Communication,26.17,0.28,121.4,133058,39663,23266,6.29,155,125,13600
2018,Q2,Public Administration,18.82,-1.76,170,120598,15418,17583,6.41,102,93,194819
2018,Q3,Agriculture,69.77,-0.76,116.5,60536,20830,6861,6.38,103,126,154221
2018,Q3,Manufacturing,75.82,8.01,98.1,101668,61079,24694,2.96,176,112,128986
2018,Q3,Construction,45.03,9.48,5.7,81679,15816,5042,5.86,145,145,112709
2018,Q3,Mining,22.79,9.92,24.8,118983,32933,5793,7.15,171,96,224056
2018,Q3,Electricity,62.14,3.15,203.3,66279,113165,14964,2.6,152,108,187306
2018,Q3,IT Services,42.74,3.22,86.7,79147,47993,13870,6.78,141,117,55317
2018,Q3,Financial Services,30.05,8.02,80.1,97306,115321,19746,6.19,159,108,178005
2018,Q3,Retail,46.55,5.92,108.2,43993,15198,2711,5.12,170,97,11493
2018,Q3,Healthcare,27.78,1.17,101.4,106069,72137,11291,7.62,118,108,276107
2018,Q3,Education,73.77,-0.33,83.3,95335,47726,13572,2.67,141,137,151021
2018,Q3,Transport,11.89,5.5,146.9,103634,133516,16848,3.33,126,109,169457
2018,Q3,Tourism,22.89,1.66,112.3,13591,24563,29472,7.78,125,96,273930
2018,Q3,Real Estate,54.97,2.45,130.3,87223,44682,22351,5.19,163,120,89608
2018,Q3,Communication,37.21,5.79,217.2,84905,24075,2923,5.74,150,129,71393
2018,Q3,Public Administration,17.56,3.83,206.2,29316,76263,18336,2.27,100,110,277800
2018,Q4,Agriculture,26.77,-0.82,41.7,80361,124559,27932,3.77,113,132,200405
2018,Q4,Manufacturing,58.66,6.26,145,38035,59117,10377,4.18,136,133,184846
2018,Q4,Construction,74.37,-0.2,102,95418,15823,10866,5.89,156,141,297423
2018,Q4,Mining,33.79,3.62,182,42736,124997,12918,3.53,177,106,255011
2018,Q4,Electricity,54.7,7.13,127.4,91221,9313,8464,5.48,167,90,287263
2018,Q4,IT Services,27.34,-0.16,75.7,45815,40360,18553,7.33,124,96,82180
2018,Q4,Financial Services,72.11,0.66,134.5,60220,116843,13534,5.43,113,95,234975
2018,Q4,Retail,64.33,0.31,66.5,85776,74860,28763,5.24,167,145,45199
2018,Q4,Healthcare,47.06,-1.97,32.8,72348,89814,20837,6.27,126,122,270827
2018,Q4,Education,47.14,4.77,21.2,38078,113987,27173,3.48,141,126,243959
2018,Q4,Transport,35.75,-1.19,35.5,31430,81558,20174,5.72,174,114,299092
2018,Q4,Tourism,48.09,2.03,85.2,25482,124512,11431,3.17,134,114,165656
2018,Q4,Real Estate,48.55,2.79,208.8,95253,41553,9219,3.75,167,135,168261
2018,Q4,Communication,15.56,8.9,43.6,103893,23021,10611,2.58,134,98,252987
2018,Q4,Public Administration,34.49,4.22,214.3,68072,51868,7244,7.86,112,113,71858
2019,Q1,Agriculture,55.53,9.59,137.2,29246,60233,3721,2.66,177,98,178224
2019,Q1,Manufacturing,44.45,5.41,199.1,34936,138686,3083,4.25,111,131,30255
2019,Q1,Construction,68.37,6.67,36.2,31861,122710,3845,6.79,170,139,129815
2019,Q1,Mining,32.2,-0.74,86.9,97058,138777,24399,2.3,141,124,177956
2019,Q1,Electricity,64.85,-1.74,146.5,35811,41762,13186,2.98,157,141,138117
2019,Q1,IT Services,23.8,2.23,55.1,25611,118374,19137,6.83,174,104,231455
2019,Q1,Financial Services,66.73,-0.13,58.1,42061,86391,23496,7.51,133,111,110336
2019,Q1,Retail,70.5,0.61,114.4,37766,36322,4795,7.11,155,126,262962
2019,Q1,Healthcare,13.84,5.47,186.5,55890,96077,1624,4.76,136,122,168642
2019,Q1,Education,65.23,-0.38,84.7,92425,11611,27169,2.38,159,103,26854
2019,Q1,Transport,48.04,7.94,159.5,86849,52644,1781,7.49,139,87,31431
2019,Q1,Tourism,34.69,8.99,181.2,69602,103887,10542,6.97,130,138,240142
2019,Q1,Real Estate,67.32,3.27,80.9,111424,10725,20943,3.83,138,126,263832
2019,Q1,Communication,10.17,6.59,132.5,82737,51809,11859,2.83,161,96,128841
2019,Q1,Public Administration,20.52,2.49,68.7,146474,124412,4248,3.63,124,145,227307
2019,Q2,Agriculture,27.76,1.46,181.9,136568,55258,26923,5.34,163,114,186942
2019,Q2,Manufacturing,12.47,4.58,194.8,144370,77249,26141,7.22,140,118,154449
2019,Q2,Construction,64.66,4.03,37.9,131391,65946,16869,6.71,158,101,277292
2019,Q2,Mining,70.14,-1.75,208.1,107732,38482,18178,3.72,178,141,151358
2019,Q2,Electricity,12.95,-1.68,210.8,23042,67931,12665,3.47,146,118,108665
2019,Q2,IT Services,10.95,4.92,210.8,132469,17143,2887,6.77,123,101,100587
2019,Q2,Financial Services,53.71,5.48,20.9,96692,61813,25499,4.37,172,132,112361
2019,Q2,Retail,60.25,4.45,117.2,138975,63990,14940,6.15,132,141,68694
2019,Q2,Healthcare,27.68,1.42,80.5,41200,117066,26889,4.3,153,92,64228
2019,Q2,Education,10.21,7.22,24.2,126588,51484,17583,4.26,126,139,49214
2019,Q2,Transport,54.51,4.52,65,142282,77225,1296,4.41,122,101,222665
2019,Q2,Tourism,74.26,6.01,88.8,75256,56324,25057,6.37,101,133,275437
2019,Q2,Real Estate,15.39,5.06,112.4,132557,16342,7211,6.49,106,94,222656
2019,Q2,Communication,23.74,3.5,209.9,87283,9592,21886,6.13,115,118,14612
2019,Q2,Public Administration,24.28,3.21,54.9,78420,83918,3634,2.15,117,124,250002
2019,Q3,Agriculture,14.5,7.05,70.6,130907,57743,15610,5.37,121,93,173245
2019,Q3,Manufacturing,45.51,9.66,217.3,133092,107500,7466,5.31,176,122,41588
2019,Q3,Construction,22,0.37,109.2,14379,14194,10066,7.41,143,93,155183
2019,Q3,Mining,72.78,3.01,100.9,69616,124710,19612,5.93,176,116,30452
2019,Q3,Electricity,25.57,1.48,186.2,84394,123015,15300,2.73,113,89,116459
2019,Q3,IT Services,44.36,8.01,150.5,56267,81362,27034,2.9,118,99,206223
2019,Q3,Financial Services,31.19,2.03,113.7,89807,89116,5883,5.79,161,138,114292
2019,Q3,Retail,48.38,3.47,158.4,144412,129696,13657,5.29,135,114,47032
2019,Q3,Healthcare,74.68,7.06,119,19917,43622,2582,3.93,163,101,240104
2019,Q3,Education,35.9,7.16,47.2,83912,114594,8039,7.27,137,106,57147
2019,Q3,Transport,31.51,1.61,86.2,110891,125944,28902,7.14,127,104,233803
2019,Q3,Tourism,60.28,3.12,213.5,34216,118230,9781,2.04,155,94,161148
2019,Q3,Real Estate,63.01,8.72,103.9,66957,60818,10312,7.58,129,132,28386
2019,Q3,Communication,42.95,1.6,216.9,114064,108724,27120,5.41,114,132,138581
2019,Q3,Public Administration,63.5,3.5,113.9,124867,111791,23496,4.78,171,108,198875
2019,Q4,Agriculture,77.17,9.96,28.5,144098,67408,17039,5.16,153,127,213654
2019,Q4,Manufacturing,18.46,-1.85,177.9,64368,41376,5237,7.77,129,85,253605
2019,Q4,Construction,70.91,4.86,13.1,109466,119557,24674,2.73,125,99,245584
2019,Q4,Mining,39.31,8,92.1,135522,12526,28113,6.11,148,118,99416
2019,Q4,Electricity,44.18,6.95,197.4,22015,27522,25294,7.94,135,93,185480
2019,Q4,IT Services,26.25,7.24,175.9,74918,116271,22765,2.44,175,120,226297
2019,Q4,Financial Services,12.47,2.55,39.9,79768,82570,7933,6.83,125,118,201145
2019,Q4,Retail,14.74,2.82,9.4,136966,127099,19740,5.31,163,101,286387
2019,Q4,Healthcare,13.04,-1.05,160.4,78772,95019,21355,3.79,112,90,142479
2019,Q4,Education,39.65,1.93,81.6,11720,107181,26587,2.43,170,124,247524
2019,Q4,Transport,51.77,3.93,28.7,72535,47366,23622,2.67,170,113,33327
2019,Q4,Tourism,47.08,4.11,27.1,25877,79511,22937,3.86,127,130,239444
2019,Q4,Real Estate,38.22,-0.25,68.3,149819,53160,19432,2.18,132,122,162750
2019,Q4,Communication,76.06,2.28,169.6,28312,97352,6102,4.28,135,134,198205
2019,Q4,Public Administration,52.41,1.84,68.2,21193,91675,3187,3.3,102,126,217965
2020,Q1,Agriculture,12.69,7.71,68.4,122244,70001,6460,6.18,167,108,181125
2020,Q1,Manufacturing,30.55,4.82,139.3,100558,64147,18446,5.02,155,115,236435
2020,Q1,Construction,27.37,6.35,207.9,113579,80698,22456,5.05,161,142,192239
2020,Q1,Mining,34.54,0.14,101.7,92311,23755,16958,5.99,158,135,284412
2020,Q1,Electricity,57.42,-0.78,155.4,132308,108369,27947,3.43,159,143,187787
2020,Q1,IT Services,40.46,0.81,41,21928,84255,24522,5.78,108,103,171763
2020,Q1,Financial Services,49.59,-1.12,219.4,91122,47755,23391,2.16,113,123,289119
2020,Q1,Retail,61.87,-1.73,65.8,46913,78227,19845,6.98,103,93,63830
2020,Q1,Healthcare,33.83,0.77,94.9,86309,95418,10781,5.09,135,123,115264
2020,Q1,Education,24.76,3.91,141.1,30907,117275,22220,2.32,122,142,120686
2020,Q1,Transport,54.75,4.92,219.2,123591,45019,8077,2.89,172,99,139585
2020,Q1,Tourism,66.38,0.35,116.2,145107,137292,10374,4.48,129,104,229729
2020,Q1,Real Estate,27.78,9.84,47.4,112535,82105,23310,6.54,163,128,224707
2020,Q1,Communication,63.79,2.61,138.8,125714,136854,2447,2.93,127,143,151719
2020,Q1,Public Administration,22.53,7.4,123.8,140145,52107,10107,4.53,180,145,109468
2020,Q2,Agriculture,38.88,-0.42,85.6,118937,103654,15771,5.6,110,122,85647
2020,Q2,Manufacturing,38.5,1.79,100.9,50831,137535,5240,5.81,150,98,134208
2020,Q2,Construction,60.82,7.84,214.9,79847,27645,27164,4.63,133,143,144837
2020,Q2,Mining,14.51,7.27,11.9,69942,54647,8466,7.35,114,100,248621
2020,Q2,Electricity,26.45,5.03,129.2,118003,116245,18870,2.11,179,145,24064
2020,Q2,IT Services,61.4,7.05,93.9,82149,91458,24344,2.74,133,96,45605
2020,Q2,Financial Services,37.11,6.07,156,65757,81323,26627,2.74,113,115,245781
2020,Q2,Retail,37.35,8.95,172,128587,30465,16237,6.45,142,104,27353
2020,Q2,Healthcare,44.07,2.1,180.6,24993,50893,5342,6.87,155,104,137771
2020,Q2,Education,53.02,6.71,103.3,79945,80039,19679,3.02,173,115,128563
2020,Q2,Transport,26.21,7.37,88.5,41123,67021,10516,7.12,144,87,44034
2020,Q2,Tourism,68.14,4.47,66.1,54955,71945,15304,6.47,120,104,103262
2020,Q2,Real Estate,60.23,0.83,120.4,101392,39703,7479,3.25,103,100,204454
2020,Q2,Communication,20.62,4.91,19.4,31438,33222,12659,4.81,173,105,127046
2020,Q2,Public Administration,64.39,-1.68,55.4,36877,139994,3541,3.09,162,125,49750
2020,Q3,Agriculture,60.19,4.82,108.9,102601,16934,22524,5.79,156,135,263308
2020,Q3,Manufacturing,16.82,7.2,83.5,109512,41513,14248,3.84,114,124,138065
2020,Q3,Construction,41.91,-0.49,143.2,57470,87870,11867,7.39,151,145,190344
2020,Q3,Mining,26.24,5.82,128.6,88072,108646,5477,2.44,127,130,286250
2020,Q3,Electricity,61.31,6.52,111.9,50100,121891,5313,4.54,110,144,291540
2020,Q3,IT Services,38.72,8.35,81.9,27527,37369,4178,4.78,135,85,150961
2020,Q3,Financial Services,49.91,0.48,71.4,70535,116106,20359,2.98,119,119,202053
2020,Q3,Retail,14.24,7.7,83.4,66572,14747,6375,2.65,121,113,230346
2020,Q3,Healthcare,31.46,9.64,12.1,38155,34283,17327,5.66,126,87,29300
2020,Q3,Education,45.43,3.8,32.2,76617,34135,16049,4.41,111,116,208424
2020,Q3,Transport,32.65,5.82,117.2,137519,28949,2761,6.02,152,126,225210
2020,Q3,Tourism,20.48,-1.46,23.1,48179,89123,22913,5.89,119,96,117092
2020,Q3,Real Estate,49.14,2.61,186.4,92242,30722,25850,4.06,105,109,252154
2020,Q3,Communication,70.69,-0.63,163.6,139146,114189,26176,2.92,177,106,114504
2020,Q3,Public Administration,44.25,6.65,18.2,148801,43033,15047,3.76,127,91,133957
2020,Q4,Agriculture,61.72,7.37,73.8,117528,37885,12466,3.45,131,120,133715
2020,Q4,Manufacturing,25.25,-0.86,107.5,66165,20536,13076,6.95,167,145,201102
2020,Q4,Construction,32.53,4.34,41.2,124883,11978,18264,4.49,124,85,36725
2020,Q4,Mining,63.42,0.38,68.5,31936,110972,25041,2.02,164,94,259711
2020,Q4,Electricity,64.93,6.88,79.9,87848,92550,28877,5.49,130,105,151207
2020,Q4,IT Services,35.96,6.37,99.7,77149,85168,28337,3.06,135,144,95116
2020,Q4,Financial Services,24.15,6,122.7,147021,54861,906,7.37,175,105,153658
2020,Q4,Retail,31.08,3.26,154.6,42262,74234,25612,6.47,151,110,250886
2020,Q4,Healthcare,37.06,2.25,87.2,129900,84796,14670,6.09,147,123,63635
2020,Q4,Education,36.64,0.96,37.9,73937,45916,11479,2.75,127,122,265461
2020,Q4,Transport,74.6,9.81,84.9,87466,63743,24981,2.64,144,109,156171
2020,Q4,Tourism,46.61,6.24,91.8,111135,8479,9275,6.63,151,100,82679
2020,Q4,Real Estate,57.57,3.6,129.3,24145,90994,10969,4.82,142,114,287956
2020,Q4,Communication,17.57,-1.61,97.5,57134,98645,14793,4.84,142,89,154992
2020,Q4,Public Administration,77.63,1.06,149.6,76149,83207,11978,4.74,104,109,116606
2021,Q1,Agriculture,43.64,7.67,200.2,81327,34011,22355,2.64,167,136,11743
2021,Q1,Manufacturing,19.35,5.22,25.7,90272,109633,2968,4.38,138,123,69058
2021,Q1,Construction,79.5,1.29,51.7,43715,116868,20955,6.95,153,113,81203
2021,Q1,Mining,74.29,-0.21,50.5,110195,101823,16913,5.83,174,106,47678
2021,Q1,Electricity,33.11,3.43,38,61012,112695,16422,3.47,101,93,57718
2021,Q1,IT Services,68.65,5.72,56,14811,75276,9651,7.26,117,145,243845
2021,Q1,Financial Services,34.1,2.62,29.1,44990,76596,22486,2.22,122,114,134804
2021,Q1,Retail,41.42,6.57,53.5,19274,113347,21514,4.2,149,131,13449
2021,Q1,Healthcare,30.07,-1.93,144.2,38525,31374,24648,4.07,134,130,258627
2021,Q1,Education,15.54,8.09,84.7,22518,50429,22395,5.46,127,99,143515
2021,Q1,Transport,32.62,0.39,150.4,50617,103193,5959,2.29,109,112,207517
2021,Q1,Tourism,72.65,5.37,131.2,93803,56165,18479,5.2,146,91,203342
2021,Q1,Real Estate,10.67,0.84,188.8,103667,27868,23536,4.01,142,136,162063
2021,Q1,Communication,54.5,0.07,36.9,36448,34090,560,6.33,175,89,75505
2021,Q1,Public Administration,47.14,2.82,146.6,64330,65509,12259,2.09,122,89,88452
2021,Q2,Agriculture,68.95,3.58,129.2,45100,25593,27794,5.5,151,118,58218
2021,Q2,Manufacturing,28.06,6.05,58.7,147119,72107,4701,4.43,154,114,49415
2021,Q2,Construction,29.89,-0.77,37.1,138527,89537,6805,2.96,112,109,112848
2021,Q2,Mining,71.77,4.52,49,112385,41823,20803,2.38,178,93,239529
2021,Q2,Electricity,47.73,9,37.7,14454,10883,28285,3.71,112,103,165590
2021,Q2,IT Services,53.45,0.65,151.8,123765,96968,1098,3.59,112,142,164041
2021,Q2,Financial Services,66.75,0.05,130.3,142542,135650,12349,4.75,107,96,267613
2021,Q2,Retail,31.37,4.13,218.4,104907,54510,23027,5.87,157,90,158002
2021,Q2,Healthcare,23.31,3.76,59.8,75166,57429,5565,5.26,130,141,126118
2021,Q2,Education,74.35,-0.88,202.3,35979,95795,1090,2.56,154,141,194953
2021,Q2,Transport,64.2,-1.46,37.7,33253,69929,4892,3.19,147,132,203449
2021,Q2,Tourism,14.65,-1.82,194.4,129453,128910,19918,7.47,160,85,200651
2021,Q2,Real Estate,22.11,0.6,141.4,117409,100996,16007,5.73,115,126,35701
2021,Q2,Communication,74.88,1.57,136.7,18233,112290,17678,3.32,159,87,89456
2021,Q2,Public Administration,45.95,6.04,35.7,86482,12195,826,2.7,142,145,170170
2021,Q3,Agriculture,11.11,4.58,103.1,68221,51525,5687,3.56,135,101,139295
2021,Q3,Manufacturing,40.11,-1.9,162.3,88919,114064,11078,7.44,120,115,107174
2021,Q3,Construction,28.45,7.41,201.2,97026,32830,17292,6.14,110,126,59539
2021,Q3,Mining,69.14,6.37,132.7,82871,22922,9044,7.81,124,132,61308
2021,Q3,Electricity,50.04,0.53,90.4,84279,49180,3073,7.13,101,86,241739
2021,Q3,IT Services,41.42,1.82,215.8,61403,109298,18652,2.69,167,95,41834
2021,Q3,Financial Services,50.93,9.76,128.8,88978,137800,8662,5.94,172,112,125111
2021,Q3,Retail,75.89,-1.47,141,56103,20029,7660,6.43,151,128,148402
2021,Q3,Healthcare,37.98,3.8,119.4,63566,64876,26711,6.3,111,99,167986
2021,Q3,Education,22.3,1.28,174.5,96135,77757,23184,3.13,131,105,193609
2021,Q3,Transport,59.17,1.16,122,87310,33411,21166,5.95,108,89,188256
2021,Q3,Tourism,19.49,5.96,90.7,105669,88642,26076,3.91,179,141,195102
2021,Q3,Real Estate,28.93,-0.98,72.4,43236,14164,9472,7.81,137,138,184483
2021,Q3,Communication,64.42,6.45,67.5,28264,105939,2758,2.33,153,133,41126
2021,Q3,Public Administration,60.96,0.48,105.4,35386,122841,5255,6.92,140,107,230988
2021,Q4,Agriculture,37.01,9.35,145.4,58536,59134,29113,5.28,176,138,213297
2021,Q4,Manufacturing,78.2,7.38,69.5,60994,104477,29059,2.66,100,91,216262
2021,Q4,Construction,48.33,5.51,177.1,56212,76629,16950,2.72,128,120,48532
2021,Q4,Mining,11.38,-0.49,44.5,117262,103328,7773,2.61,106,124,180885
2021,Q4,Electricity,32.88,3.59,84,106128,78868,1603,5.19,170,123,25837
2021,Q4,IT Services,10.58,8,132.4,77487,94525,24174,7.29,105,106,161570
2021,Q4,Financial Services,12.87,-0.17,93.4,97716,128520,19880,5.4,163,112,88304
2021,Q4,Retail,22.43,3.93,27.7,139874,31601,12245,4.64,105,134,105914
2021,Q4,Healthcare,24.18,4.09,143.8,95320,118830,8551,6.18,114,138,249060
2021,Q4,Education,20.82,-0.77,45.8,122311,96635,25776,6.95,165,139,49389
2021,Q4,Transport,40.25,-0.43,28.1,22734,120945,24227,3.82,110,109,138394
2021,Q4,Tourism,59.05,3.93,22.2,91106,92174,10330,6.96,132,129,110771
2021,Q4,Real Estate,73.25,3.78,84,135454,134979,16489,6.55,147,123,16392
2021,Q4,Communication,67.7,-1.07,35.2,64361,73755,8434,4.06,167,141,114883
2021,Q4,Public Administration,49.67,9.19,159.5,136997,23116,15886,7.15,151,97,135464
2022,Q1,Agriculture,11.62,2.14,95.2,89643,94300,27810,5.11,120,104,50769
2022,Q1,Manufacturing,59,9.04,164.1,64177,73594,29305,7.56,159,92,22870
2022,Q1,Construction,57.9,9.74,120.1,149694,67832,21476,3.75,107,122,183007
2022,Q1,Mining,32.44,5.71,62.8,148885,50624,27574,3.6,106,135,197831
2022,Q1,Electricity,47.35,0.38,140.7,80014,21588,11681,2.3,161,130,191619
2022,Q1,IT Services,27.43,5.85,40.5,142461,129867,5675,4.76,128,94,140290
2022,Q1,Financial Services,35.57,5.23,88.8,62808,101632,7312,3.69,107,127,217001
2022,Q1,Retail,63.38,5.08,81.6,99269,30530,9994,7.82,138,129,47226
2022,Q1,Healthcare,11.61,2.31,193.2,136906,48171,13767,5.69,115,107,32875
2022,Q1,Education,34.77,4.12,209.2,72432,47134,6388,7.83,139,109,72714
2022,Q1,Transport,52.96,4.72,16.2,38256,70484,15348,2.71,105,135,75472
2022,Q1,Tourism,28.12,1.06,37.7,140894,29660,16996,6.53,158,115,168492
2022,Q1,Real Estate,71.07,0.34,214.3,87345,87836,1630,5.09,172,112,259969
2022,Q1,Communication,55.46,7.42,51.6,65057,83142,20531,6.89,170,135,255081
2022,Q1,Public Administration,16.32,7.87,191,15828,38316,28685,7.17,137,114,210254
2022,Q2,Agriculture,39.28,-1.59,67.4,103013,39689,15666,6.98,148,101,47590
2022,Q2,Manufacturing,61.79,2.11,155,139788,113012,11597,4.98,110,142,176821
2022,Q2,Construction,14.97,3.05,174,22871,128329,27530,3.72,178,95,140675
2022,Q2,Mining,66.93,-0.09,213.7,148714,67912,1868,6.17,147,89,223012
2022,Q2,Electricity,55.27,-0.18,122.9,78261,60023,17646,4.34,173,136,146055
2022,Q2,IT Services,74.73,4.36,104,35136,61934,17573,7.24,123,137,183278
2022,Q2,Financial Services,65.25,6.72,93.2,44409,50837,28489,4.62,148,99,288778
2022,Q2,Retail,37.43,2.92,105.3,114189,73243,15298,3.84,122,103,239338
2022,Q2,Healthcare,56.29,6.73,183,123538,16522,25906,5.48,164,138,196778
2022,Q2,Education,12.88,-1.48,190.2,148280,70767,4720,6.33,149,94,296741
2022,Q2,Transport,12.52,-0.85,217.3,38033,23463,12574,6.52,100,137,82287
2022,Q2,Tourism,63.69,4.21,161.9,112863,13556,7786,2.8,138,117,233352
2022,Q2,Real Estate,22.06,4.66,60,31694,34384,14092,7.76,138,106,279937
2022,Q2,Communication,79.7,6.15,37,11071,25513,14368,7.76,147,131,116200
2022,Q2,Public Administration,35.56,7.25,192.9,138985,55409,17879,5.76,107,94,121016
2022,Q3,Agriculture,59.08,9.31,198.2,138599,84793,9666,6.36,153,116,179880
2022,Q3,Manufacturing,42.95,-1.27,215.4,119949,78046,501,7.11,171,122,86355
2022,Q3,Construction,43.26,0.36,24.5,100366,74967,26652,4.87,123,97,50447
2022,Q3,Mining,26.5,-0.76,211.9,56838,48886,26935,7.28,170,101,194155
2022,Q3,Electricity,75.33,9.48,214.3,99497,126159,7671,6.96,165,113,179935
2022,Q3,IT Services,29.14,5.91,38.9,34672,80417,29043,6.3,177,101,182044
2022,Q3,Financial Services,62.15,3.86,167.2,44026,74350,13681,5.36,150,145,16582
2022,Q3,Retail,35,4.85,71.4,86740,115700,14635,6.86,169,138,288602
2022,Q3,Healthcare,39.84,6.2,61.7,141066,106450,24576,3.66,151,106,152370
2022,Q3,Education,36.95,-1.23,38.6,122180,65614,22054,2.94,114,126,192011
2022,Q3,Transport,71.1,-0.9,212,116469,31827,11779,2.03,155,120,183003
2022,Q3,Tourism,18.12,5.32,189.1,113868,55360,9014,2.69,177,94,23796
2022,Q3,Real Estate,23.51,-1.31,143.7,86459,58906,26816,4.11,165,144,283465
2022,Q3,Communication,64.38,2.1,104,95670,91771,24375,5.91,129,90,60892
2022,Q3,Public Administration,22.41,-1.42,8.7,123809,115807,13905,6.81,151,144,95741
2022,Q4,Agriculture,65.24,8.69,110.6,31406,88057,9320,3.56,128,137,20084
2022,Q4,Manufacturing,72.46,1.4,115,15536,70278,6652,3.9,138,119,96569
2022,Q4,Construction,39.53,2.85,201.4,140778,66097,12472,5.65,168,101,55106
2022,Q4,Mining,34.59,2.02,124.2,12794,27583,2295,2.5,174,113,153797
2022,Q4,Electricity,32.24,6.42,214.9,32163,19750,21160,7.53,153,106,150142
2022,Q4,IT Services,76.71,9.97,127.7,43424,103890,23431,2.82,102,106,58384
2022,Q4,Financial Services,49.78,8.38,141,120320,42954,27356,3.58,119,113,239771
2022,Q4,Retail,51.44,6.88,153.8,88298,53857,14612,4.79,160,131,162147
2022,Q4,Healthcare,15.38,1.09,50.3,59189,110857,8204,5.26,161,91,58116
2022,Q4,Education,17.76,5.84,126,55370,85824,18422,3.46,102,92,278037
2022,Q4,Transport,77.62,7.71,79.2,61954,10855,27454,4.33,156,97,98554
2022,Q4,Tourism,60.38,1.93,126.8,41395,77348,5331,2.14,124,136,83036
2022,Q4,Real Estate,33.84,7.64,191.6,96542,52235,21781,6.31,120,120,175228
2022,Q4,Communication,11.35,1.41,103.2,60648,102290,6158,6.73,127,92,162390
2022,Q4,Public Administration,34.36,-1.68,202.6,112953,24026,21288,6.16,176,88,195889
2023,Q1,Agriculture,50.7,9.79,78.6,40568,128818,8261,5.71,112,107,263106
2023,Q1,Manufacturing,27.74,6.94,35.3,115674,34414,29137,2.24,132,117,96281
2023,Q1,Construction,79.91,4.82,184.8,120238,45150,20039,7.37,119,127,234629
2023,Q1,Mining,62.32,2.3,29.3,54791,51465,27061,4.4,110,114,204926
2023,Q1,Electricity,50.19,9.52,201.8,63418,109394,2541,6.71,112,135,189936
2023,Q1,IT Services,33.87,9.29,110.1,104019,46488,4718,4.27,171,127,12660
2023,Q1,Financial Services,45.24,4.05,78.1,93771,137491,6147,2.11,123,134,226805
2023,Q1,Retail,42.12,9.94,189.4,47493,88173,9205,4.38,147,110,140603
2023,Q1,Healthcare,17.75,4.5,48.6,47506,20643,14656,7.26,163,140,297342
2023,Q1,Education,38.79,4.75,94.2,51969,121883,10579,6.16,162,112,243610
2023,Q1,Transport,69.94,4.87,51.4,59233,70076,10552,2.48,132,130,89025
2023,Q1,Tourism,62,4.81,184,70345,91758,5099,7.31,144,135,249148
2023,Q1,Real Estate,44.52,6.99,205.3,44881,32743,25881,5.55,118,113,108534
2023,Q1,Communication,16.2,0.87,29,76296,88535,21753,2.32,125,140,122039
2023,Q1,Public Administration,26,8.55,56.4,96535,37999,19526,7.85,174,94,39156
2023,Q2,Agriculture,32.36,5.44,148.2,148567,135822,11377,7.27,179,104,16359
2023,Q2,Manufacturing,30.42,1.27,188.2,54227,116151,7121,6.24,171,134,83132
2023,Q2,Construction,53.66,5.88,197.3,123671,86297,4349,5.34,165,106,260266
2023,Q2,Mining,27.74,-0.7,64.6,27934,38211,8860,3.52,114,102,253718
2023,Q2,Electricity,18.3,-0.75,151.6,93831,100571,2333,4.18,141,88,83773
2023,Q2,IT Services,64.12,3.48,196.8,103159,129529,17164,7.44,153,103,243684
2023,Q2,Financial Services,72.43,3.93,143.3,143347,138387,13575,3.46,151,134,241273
2023,Q2,Retail,59.16,2.83,7.2,67086,79161,2186,6.14,124,92,280066
2023,Q2,Healthcare,56.9,0.23,33.7,19816,28849,27056,6.78,120,108,117725
2023,Q2,Education,44.08,8.17,73.3,125819,115723,17985,5.4,112,86,299493
2023,Q2,Transport,10.12,6.58,201.1,10085,41940,10372,4.85,124,105,286225
2023,Q2,Tourism,22.22,9.18,96.6,80156,62308,18947,4.58,109,110,61129
2023,Q2,Real Estate,38.35,8.16,75.8,12284,43101,10491,6.3,155,104,297774
2023,Q2,Communication,38.64,6.75,16.6,131061,121987,10044,5.78,109,87,32719
2023,Q2,Public Administration,13.14,4.36,218.9,146240,57457,23072,4.51,100,118,57143
2023,Q3,Agriculture,73.03,7.24,24.3,57675,103273,2471,5.44,142,137,54667
2023,Q3,Manufacturing,11.56,-1.33,173.4,111827,44924,12687,7.8,147,135,22559
2023,Q3,Construction,38.23,3.19,118.4,140642,30539,17702,7.09,174,117,140785
2023,Q3,Mining,69.97,-0.7,205.9,24281,67735,11313,5.92,154,120,229287
2023,Q3,Electricity,46.03,0.99,158.1,52016,47060,20992,7.16,146,139,46622
2023,Q3,IT Services,44.4,2.28,184.1,123912,16869,14752,4.13,127,134,258041
2023,Q3,Financial Services,20.42,9.81,84.8,141875,105720,14274,4.36,152,86,112383
2023,Q3,Retail,76.76,8.5,113.1,75868,17951,4183,6.87,141,96,272076
2023,Q3,Healthcare,45.69,4.75,207.2,140742,73794,2533,4.99,100,122,265012
2023,Q3,Education,50.5,9.68,107.7,14310,78329,29609,2.98,101,114,172143
2023,Q3,Transport,47.61,4.92,122.9,112407,136345,7068,6.31,114,138,42293
2023,Q3,Tourism,65.2,0.82,48.7,61277,91701,18869,7.64,147,132,166564
2023,Q3,Real Estate,62.64,-1.35,30.8,83978,105292,28132,6.04,123,106,175586
2023,Q3,Communication,51.91,6.46,32.1,69382,84829,26137,6.07,122,100,120396
2023,Q3,Public Administration,13.66,2.78,12.8,77074,73087,13529,6.68,113,145,233838
2023,Q4,Agriculture,20.73,-1.44,40.8,33115,86592,2868,6.1,108,116,162490
2023,Q4,Manufacturing,74.64,-1.02,134.9,99129,129522,4657,6.75,123,132,42276
2023,Q4,Construction,16.39,3.74,35.8,90148,77220,25718,2.79,152,101,103306
2023,Q4,Mining,15.97,7.42,60.9,138290,74856,2617,7.12,145,139,42565
2023,Q4,Electricity,38.03,6.5,108.1,77948,136340,21484,4.1,109,88,118579
2023,Q4,IT Services,19.75,2.48,109.5,118646,11210,9372,4.48,139,89,97291
2023,Q4,Financial Services,51.47,3.37,213,102165,44714,827,7.19,102,120,266555
2023,Q4,Retail,61.69,4.75,193.9,92948,103365,18210,4.29,137,134,269849
2023,Q4,Healthcare,14.15,3.93,172.5,127453,102178,24892,6.6,154,123,35936
2023,Q4,Education,73.08,-1.18,111.2,85235,67279,6998,4.63,161,135,18574
2023,Q4,Transport,63.25,1.3,151.9,93274,58874,5560,6.64,177,111,179098
2023,Q4,Tourism,44.98,8.23,139.6,54986,66703,6068,2.37,103,134,262425
2023,Q4,Real Estate,42.43,2.95,80.1,133297,110724,14896,7.33,121,87,250727
2023,Q4,Communication,49.8,2.48,172,29387,131440,18043,7.13,147,140,41254
2023,Q4,Public Administration,72.24,8.68,70,143034,22932,18852,3.29,106,127,144783
2024,Q1,Agriculture,39.05,1.38,117.1,136915,96606,7185,7.24,121,136,292163
2024,Q1,Manufacturing,15.51,0.46,136.9,144724,136766,17424,2.93,156,108,110379
2024,Q1,Construction,57.39,6.15,64.3,94615,122382,14936,2.27,172,133,185434
2024,Q1,Mining,76.84,9.35,188.2,22360,139988,29228,4.71,148,135,244403
2024,Q1,Electricity,64.43,4.26,47.6,114880,107174,2446,2.31,120,100,205885
2024,Q1,IT Services,57.85,6.89,94.8,54316,124884,19844,3.16,161,145,75615
2024,Q1,Financial Services,18.26,0.64,166.7,12403,66431,5801,5.25,179,137,116978
2024,Q1,Retail,29.58,8.84,20.2,101630,105377,16041,2.79,126,130,23272
2024,Q1,Healthcare,54.05,4.25,210.5,140602,132055,29561,4.75,143,130,158638
2024,Q1,Education,11.07,1.94,135.4,65685,93731,6358,4.32,116,131,193680
2024,Q1,Transport,70.13,8.27,202.6,25120,91562,14984,3.51,125,133,259738
2024,Q1,Tourism,73.84,0.76,64,94380,91200,24204,5.38,103,115,213697
2024,Q1,Real Estate,64.92,6.66,11.7,24419,139963,25377,3.68,110,85,163837
2024,Q1,Communication,45.81,4.23,124.1,28674,62810,27258,4.23,131,118,99227
2024,Q1,Public Administration,20.58,2.88,213.1,121321,16262,14604,7.05,172,132,171243
2024,Q2,Agriculture,49.63,8.82,152.6,27351,58807,23408,4.34,122,100,61655
2024,Q2,Manufacturing,77.38,2.27,161.2,98204,105883,28211,2.38,151,144,59098
2024,Q2,Construction,65.57,5.91,205.5,101888,130797,13107,5.87,167,135,136478
2024,Q2,Mining,48.37,5.81,210.1,105277,80708,23535,4.9,133,136,282862
2024,Q2,Electricity,19.51,1.7,156.5,118948,12782,28978,3.74,106,109,149709
2024,Q2,IT Services,37.87,1.84,38,80100,55330,1781,5.57,130,109,212810
2024,Q2,Financial Services,42.17,6.28,216.3,146020,119926,23489,3.47,104,118,250690
2024,Q2,Retail,47.1,5.09,204.4,114178,87720,22563,5.61,140,144,204618
2024,Q2,Healthcare,38.03,7.27,155.6,125033,29083,27156,4.12,156,101,75304
2024,Q2,Education,54.57,6.29,216.5,129149,51577,13875,3.93,160,112,232405
2024,Q2,Transport,30.5,0.26,74.8,44070,137402,27344,2.5,153,108,266478
2024,Q2,Tourism,79.36,4.97,30.9,132848,90239,21475,5.19,179,87,109714
2024,Q2,Real Estate,36.34,-0.2,8.9,63822,70406,23881,5.88,106,87,186190
2024,Q2,Communication,45.73,6.39,180.1,115127,87087,12489,7.52,132,138,268214
2024,Q2,Public Administration,15.05,9.13,199.9,51534,129714,7270,6.76,162,126,172767
2024,Q3,Agriculture,14.07,4.87,104.6,92298,136235,15952,2.18,114,145,227837
2024,Q3,Manufacturing,16.76,5.64,113.6,76180,59342,20448,2.8,115,118,165881
2024,Q3,Construction,50.27,0.49,207.8,55709,123796,12496,5.33,119,87,245157
2024,Q3,Mining,73.86,0.15,208.1,128647,44384,18844,7.4,130,122,43042
2024,Q3,Electricity,57.81,3.62,172.7,116328,38747,18688,5.83,145,136,196414
2024,Q3,IT Services,79.86,-0.69,5.2,131094,123076,20922,6.27,153,93,22346
2024,Q3,Financial Services,52.96,-0.55,66,21690,111511,22976,2.22,161,95,122899
2024,Q3,Retail,70.91,-1.73,11.7,91256,39097,3779,3.94,165,95,257551
2024,Q3,Healthcare,20.9,2.08,141.5,24261,114544,5540,4.24,133,131,12327
2024,Q3,Education,37.04,5.91,83.3,120201,98584,7662,3.99,140,88,70283
2024,Q3,Transport,10.07,-0.4,13,46110,8453,26614,7.32,157,139,23882
2024,Q3,Tourism,51.7,1.27,181.9,136637,134944,18598,3.95,107,111,274140
2024,Q3,Real Estate,79.06,-0.83,75,23968,56381,10335,3.8,122,107,270541
2024,Q3,Communication,23.32,5.05,11.6,22214,96030,969,4.26,179,99,269430
2024,Q3,Public Administration,53.25,5.49,67.3,68850,102138,20377,6.95,176,120,232521
2024,Q4,Agriculture,19.27,6.38,28,38549,13079,8952,7.37,170,138,19396
2024,Q4,Manufacturing,56.84,9.3,66.9,14677,133309,4235,6.99,165,118,288337
2024,Q4,Construction,79.16,-0.44,176.2,21850,70273,1546,4.76,162,133,154342
2024,Q4,Mining,77.1,4.58,53.5,73812,33783,13531,3.58,129,108,205962
2024,Q4,Electricity,19.22,6.31,41.5,49766,33334,19331,7.79,133,100,220713
2024,Q4,IT Services,36.31,-1.71,52.2,23600,133265,25062,2.74,100,95,232445
2024,Q4,Financial Services,47.92,0.96,181.8,58199,118938,14176,2.15,167,113,251389
2024,Q4,Retail,49.87,0.76,43.4,59482,40169,24557,6.75,104,125,236360
2024,Q4,Healthcare,19.82,-0.82,19.2,68258,33712,24012,3.19,111,93,150902
2024,Q4,Education,32.77,2.14,116.3,100896,35103,3282,5.01,147,117,236940
2024,Q4,Transport,69.51,9.31,88.2,85880,8846,3833,2.45,146,111,213623
2024,Q4,Tourism,52.47,0.62,188.8,125621,137164,11364,6.71,178,118,157777
2024,Q4,Real Estate,25.77,7.38,73,47688,27135,12318,5.03,137,90,211763
2024,Q4,Communication,49.41,9.65,16.2,94622,13505,28953,3.53,165,115,10002
2024,Q4,Public Administration,72.12,6.93,34,86530,104586,19253,3.02,126,105,214481
2025,Q1,Agriculture,77.7,0.02,145.8,116587,71908,2756,4.91,140,102,152000
2025,Q1,Manufacturing,34.08,0.55,190.3,42439,121427,20860,6.79,115,137,117505
2025,Q1,Construction,32.97,7.1,43,105615,24210,11076,3.8,137,100,218207
2025,Q1,Mining,28.78,8.75,38.4,110918,66247,28602,4.26,124,107,144421
2025,Q1,Electricity,55.63,4.75,139.3,73984,71265,13039,6.29,163,131,196975
2025,Q1,IT Services,71.65,4.73,75.8,49888,127145,3771,4.44,145,133,274223
2025,Q1,Financial Services,65.02,2,112.1,66813,106832,29018,7.62,138,86,298242
2025,Q1,Retail,71.52,9.43,217.4,118115,36448,3767,7.52,106,124,290532
2025,Q1,Healthcare,62.95,1.47,38.6,97951,45584,27270,5,109,118,267552
2025,Q1,Education,49.82,1.47,50.5,46191,23567,16816,3.94,179,126,32743
2025,Q1,Transport,35,8.65,48.3,28466,27805,8546,6.83,163,99,124242
2025,Q1,Tourism,18.89,4.64,49.9,145802,61571,27184,7.98,165,93,49123
2025,Q1,Real Estate,64.45,-0.43,115.5,32813,92941,11333,3.74,101,140,241541
2025,Q1,Communication,77.47,-1.64,209.9,98911,96131,9109,7.54,158,98,72978
2025,Q1,Public Administration,44.94,-0.16,126.7,54161,11532,27181,2.38,116,129,41505
2025,Q2,Agriculture,38.62,2.42,149.7,96811,39697,5762,2.96,169,109,286282
2025,Q2,Manufacturing,28.3,4.49,75.9,72323,46604,17298,3.42,151,123,93840
2025,Q2,Construction,58.9,2.29,18.5,59391,53198,21732,3.79,109,117,109161
2025,Q2,Mining,44.5,6.19,210.5,96896,71736,28697,4.02,166,119,97997
2025,Q2,Electricity,38.22,2.47,51.1,51490,62644,26651,2.94,136,108,176385
2025,Q2,IT Services,28.79,8.08,136.9,111515,81345,16943,6.68,157,141,10704
2025,Q2,Financial Services,61.5,0.27,197.8,28424,133853,8659,6.18,100,88,21197
2025,Q2,Retail,38.5,-0.26,201.9,16052,82902,1549,7.57,101,141,173387
2025,Q2,Healthcare,42.39,2.28,217.6,128655,66541,7482,6.28,121,119,219717
2025,Q2,Education,75.84,-0.65,192.2,145819,30166,11196,4.36,147,87,203069
2025,Q2,Transport,13.56,0.01,174.4,88364,21618,26881,3.18,149,110,26681
2025,Q2,Tourism,41.64,-1.93,46.8,95323,8146,6613,4.95,117,142,54222
2025,Q2,Real Estate,31.02,8.7,103.6,35790,35984,23575,7.27,107,127,96760
2025,Q2,Communication,63.44,6.45,5.9,48120,34765,5259,6.25,163,87,97934
2025,Q2,Public Administration,28.98,1.57,27.5,19750,58105,9132,3.56,130,90,77345
2025,Q3,Agriculture,26.59,8.49,42.6,50692,68531,25952,6.81,159,131,101975
2025,Q3,Manufacturing,63.18,6.22,46,46395,99337,3106,3.59,159,93,73382
2025,Q3,Construction,23.65,6.63,133.8,125424,98422,7712,7.37,175,138,54468
2025,Q3,Mining,37.88,6.07,145.7,11135,17321,18772,2.09,153,88,286128
2025,Q3,Electricity,60.27,9.13,195.1,12799,52886,18246,4.74,164,106,48969
2025,Q3,IT Services,65.63,3.54,81.3,97525,12029,5437,5.15,137,104,225321
2025,Q3,Financial Services,69.33,5.1,140.4,112895,123358,5859,7.26,111,140,23475
2025,Q3,Retail,58.9,1.45,213.2,147964,22553,16024,4.71,127,138,129056
2025,Q3,Healthcare,34.69,4.53,104.2,104402,137024,5569,5.96,164,136,76856
2025,Q3,Education,22.1,3.23,172.4,122497,128441,26519,2.37,107,101,27819
2025,Q3,Transport,74.71,1.37,140.1,61053,118028,6489,7.55,152,120,220113
2025,Q3,Tourism,66.96,-0.52,130.3,48817,72408,20954,3.44,122,143,233769
2025,Q3,Real Estate,25.98,4.2,72.5,125090,96078,25960,4,131,103,251510
2025,Q3,Communication,46.9,4.08,188.1,100599,109505,2510,6.05,136,88,109974
2025,Q3,Public Administration,76.2,6.4,152.2,15625,134832,25291,7.78,138,129,55860
2025,Q4,Agriculture,20.06,9.45,199.4,96928,19874,11200,4.23,118,135,169198
2025,Q4,Manufacturing,76.74,-1.96,134.2,65419,124864,28786,6.7,145,117,181416
2025,Q4,Construction,22.24,2.81,37.1,22357,39950,9050,7.39,116,106,64990
2025,Q4,Mining,69.28,7.39,96,117507,72199,10170,2.92,136,94,190522
2025,Q4,Electricity,48.81,6.41,90.6,128867,52455,18290,4.52,107,138,261848
2025,Q4,IT Services,11.78,0.66,106,57556,29416,10344,4.47,152,99,118871
2025,Q4,Financial Services,65.46,7.29,138.8,66262,64584,26115,3.16,163,134,248277
2025,Q4,Retail,77.02,3.45,183.7,11543,26423,18493,3.18,152,129,54153
2025,Q4,Healthcare,66.07,8.62,131.5,112948,99162,11075,6.44,107,88,101538
2025,Q4,Education,48.37,7.26,63.1,139509,82586,17270,4.31,155,124,138503
2025,Q4,Transport,72.13,0.41,215.9,65568,84569,7555,4.61,131,130,231228
2025,Q4,Tourism,44.45,-1.48,217.6,24238,20543,23916,2.2,162,115,113273
2025,Q4,Real Estate,41.92,2.8,172.6,143851,49757,10778,7.29,173,102,171306
2025,Q4,Communication,63.2,1.85,81.6,122999,76655,2608,2.86,161,86,131980
2025,Q4,Public Administration,69.16,2.72,52.9,140520,41414,11579,3.33,162,108,135266
